id,correctAnswer
110004,A
110005,C
110006,D
110007,A
110000,C
110001,D
110002,B
110003,C
110008,C
110009,B
110558,C
110559,C
110555,C
110552,A
110553,A
103897,B
103896,B
103895,B
103894,A
103893,A
103892,A
103891,A
103890,B
110551,C
103899,B
103898,A
103549,B
103548,C
103541,A
103540,B
103543,C
103542,D
103545,C
103544,B
103547,D
103546,A
109799,D
105002,A
105003,B
105000,B
105001,A
105006,B
105007,D
105004,B
105005,B
105008,B
105009,C
104715,B
104714,C
104717,A
104716,C
104711,C
104710,B
104713,D
104712,C
107534,C
107535,D
107536,D
107537,A
104719,D
104718,A
107532,B
107533,B
106472,D
103113,B
106470,C
103111,D
103116,B
106477,A
106474,D
103115,B
103118,C
106479,D
108711,D
108710,C
108713,D
108712,C
108715,A
108714,B
108717,A
108716,B
108719,D
108718,A
104849,B
104848,D
104845,C
104844,A
104847,C
104846,A
104841,B
104840,C
104843,D
104842,D
106629,A
106628,A
106627,B
106626,B
106625,B
106624,C
106623,D
106622,D
106621,B
106620,B
102719,D
102718,B
102717,A
102716,D
102715,C
102714,C
102713,C
102712,C
102711,D
102710,D
108829,C
108828,A
108827,D
108826,A
108825,D
108824,D
108823,D
108822,B
108821,C
108820,C
106722,B
106723,B
106720,D
106721,B
106726,B
106727,B
106724,A
106725,B
106728,C
106729,C
109990,D
109991,B
109992,D
109993,D
103398,D
103399,D
109448,A
109449,B
103394,A
103395,D
103396,A
103397,A
103390,A
103391,D
103392,A
103393,A
105824,D
105825,C
105826,C
105827,A
105820,D
105821,A
105822,D
105823,C
109190,D
109191,A
109192,C
109193,A
105828,B
105829,C
109196,C
109197,B
107093,B
107092,D
107091,C
107090,D
107097,C
107096,D
107095,A
107094,D
107099,B
107098,B
110632,A
110631,B
110630,B
103970,B
103971,C
103972,B
103973,A
103974,D
103975,A
103976,D
103977,D
103978,C
103979,D
108956,A
110497,B
110496,B
107899,C
107898,C
110493,D
110492,D
110491,C
110490,A
107893,B
107892,A
107891,D
107890,D
107897,B
107896,B
107895,A
107894,C
108984,A
108985,A
108954,C
108986,B
108987,A
108980,D
108981,B
108982,C
108983,B
104278,B
104279,D
104276,B
104277,C
104274,D
104275,C
104272,C
104273,A
104270,D
104271,B
104018,C
104019,A
104012,C
104013,C
104010,C
104011,B
104016,C
104017,C
104014,B
104015,D
105639,B
105638,B
105631,C
105630,D
105633,D
105632,C
105635,B
105634,C
105637,B
105636,D
102942,C
102943,C
102940,A
102941,C
102946,D
102947,B
102944,C
102945,C
102948,A
102949,A
109797,A
109794,C
109795,C
109798,D
106875,A
107703,C
107702,C
107701,B
107700,B
107707,C
107706,C
107705,B
107704,A
107709,D
107708,A
102675,C
108104,D
108105,C
108106,A
108107,A
108100,B
108101,D
108102,A
108103,B
108108,C
108109,D
108458,B
108459,D
109851,A
109850,D
109853,C
109852,D
109855,C
109854,D
109857,A
109856,C
109859,D
109858,C
103707,D
103706,B
103705,C
103704,B
103703,C
103702,D
103701,D
103700,C
103709,D
103708,C
110434,C
110571,A
110572,C
110573,D
110574,B
110575,C
110576,A
110577,D
110578,B
110579,D
107538,B
110437,D
107539,B
103563,C
103562,C
103561,B
103560,D
103567,D
103566,B
103565,D
103564,B
103569,B
103568,A
109279,D
109278,D
107530,B
107531,A
103332,A
103333,C
103330,D
103331,B
103624,B
103625,C
107286,C
107287,D
107284,A
107285,A
107282,A
103334,D
107280,C
107281,D
103627,A
107288,C
107289,D
104485,D
104484,D
104487,C
104486,A
104481,A
104480,A
104483,D
104482,B
104489,C
104488,C
110436,A
110433,A
110431,C
110430,A
105028,D
105029,B
105024,C
105025,B
105026,A
105027,B
105020,D
105021,C
105022,B
105023,C
110432,A
110349,D
110348,B
104739,D
104738,C
104737,D
104736,C
104735,B
104734,D
104733,B
104732,C
104731,D
104730,C
105288,A
105289,A
105280,A
105281,B
105282,B
105283,D
105284,C
105285,C
105286,C
105287,D
106399,D
106398,B
106397,D
106396,C
106395,A
106394,C
106393,D
106392,D
106391,A
106390,A
102559,A
102558,D
102889,D
102888,B
102555,A
102554,D
102557,A
102884,B
102551,D
102550,C
102553,A
102552,D
104867,A
104866,D
104865,C
104864,B
104863,C
104862,A
104861,A
104860,A
108733,C
108732,D
108731,A
108730,B
108737,C
108736,A
104869,D
104868,C
106649,D
103071,C
103070,D
106641,A
106640,D
106643,D
106642,B
106645,B
106644,D
106647,C
106646,C
102779,D
102778,A
103072,A
102771,B
102770,A
102773,C
102772,B
102775,C
102774,B
102777,D
102776,B
108849,B
108848,A
103077,C
108841,A
108840,C
108843,B
103076,B
108845,C
108844,D
108847,C
108846,A
103079,A
106708,C
106709,C
103078,C
106704,A
106705,A
106706,C
106707,B
106700,A
106701,B
106702,C
106703,B
109468,C
109469,C
109460,D
109461,B
109462,D
109463,B
109464,A
109465,B
109466,C
109467,B
107116,B
107117,B
107114,B
107115,C
107112,C
107113,A
107110,D
107111,A
107118,A
107119,A
108597,B
108596,A
108595,D
108594,B
108593,C
108592,C
108591,A
108590,C
108599,C
108598,D
109644,C
109645,B
109646,C
109647,A
109640,B
109641,C
109642,D
109643,D
109648,A
109649,B
110534,D
107079,C
107078,B
107075,D
107074,A
107077,D
107076,D
107071,A
107070,D
107073,B
107072,D
109904,D
103918,A
103919,A
103912,C
103913,B
103910,A
103911,A
103916,D
103917,A
103914,D
103915,A
109908,B
104258,B
104259,D
104250,B
104251,A
104252,C
104253,C
104254,A
104255,C
104256,A
104257,A
110215,D
110214,A
110217,C
110216,D
110211,A
110210,D
110213,C
110212,D
110219,B
110218,A
104034,B
104035,B
104036,C
104037,B
104030,B
104031,A
104032,C
104033,B
104038,B
104039,B
106098,C
106099,D
109719,D
106094,C
106095,D
106096,B
106097,A
106090,B
106091,A
106092,A
106093,A
102968,D
102969,D
102964,D
102965,D
102966,C
102967,A
102960,B
102961,B
102962,D
102963,C
109383,D
105613,C
105344,B
105611,A
105346,B
105341,C
105340,C
105615,C
105342,B
105619,D
105618,B
105349,A
105348,B
110556,D
110557,D
103479,A
103478,B
110554,A
108694,C
103475,A
108696,D
108697,A
108690,B
108691,A
108692,D
106486,B
108698,A
103477,B
106956,C
106951,C
103470,B
103473,A
103472,B
108470,C
108471,B
108472,B
108473,C
108474,A
108475,A
108476,A
108477,D
108478,C
108479,C
109717,D
109878,A
109873,C
109872,A
109871,B
109870,D
109877,A
109876,A
109875,D
109874,D
103761,D
103760,B
103763,C
103762,D
103765,B
103764,A
103767,C
103766,A
103769,B
103768,B
110518,A
110519,C
110512,D
110513,D
110510,D
110511,B
110516,D
110517,B
110514,B
110515,A
103589,A
103588,D
109259,C
109258,A
103585,A
103584,B
103587,D
103586,B
103581,A
103580,D
103583,D
103582,D
104162,C
104163,C
104160,B
107979,B
104693,D
104166,C
104695,B
107974,A
104164,B
107918,A
107919,D
107916,C
107917,A
107914,B
104165,B
107912,D
107913,B
107910,A
107911,A
106182,A
107977,A
105568,A
107970,A
107971,B
107972,B
107973,C
105563,A
104759,C
104758,D
105562,D
104751,C
104750,C
104753,C
104752,C
104755,C
104754,C
104757,C
104756,C
102834,C
102577,B
102576,A
102575,C
102574,B
102573,B
102572,A
102571,A
102570,D
102579,C
102578,D
102832,B
104801,D
105407,B
104803,B
104802,D
104805,A
104804,A
104807,D
104806,C
104809,A
104808,D
105408,C
105409,D
106663,D
106662,A
106661,B
106660,B
106667,C
106666,D
106665,B
106664,A
106669,B
106668,B
102753,A
102752,C
102751,B
102750,B
102757,B
102756,A
102755,D
102754,C
102759,A
102758,C
108534,B
106926,A
106927,D
109402,C
109403,C
109400,C
109401,D
109406,A
109407,D
109404,A
109405,A
109408,D
109409,D
106921,C
107130,A
107131,C
107132,D
107133,C
107134,B
107135,D
107136,B
107137,C
107138,A
107139,D
108863,D
108862,A
108861,D
108860,D
108867,D
108866,B
108865,C
108864,C
106922,C
108869,B
108868,D
109995,D
106988,D
106989,C
109996,D
106982,A
106983,A
106980,B
106981,B
106986,A
106987,D
106984,B
106985,B
107057,D
107056,A
107055,B
107054,B
107053,C
107052,B
107051,D
107050,A
109444,B
107059,D
107058,D
109445,D
109442,C
109443,B
109440,D
109441,B
108315,A
108314,C
108317,C
108316,A
108311,A
108310,C
108313,C
108312,B
108319,D
108318,C
110185,B
110184,C
110187,A
110186,C
110181,D
110180,B
110183,A
110182,C
110189,C
110188,B
104232,A
104233,B
104230,B
104231,D
104236,D
104237,A
104234,C
104235,C
104238,C
104239,A
103934,B
103935,C
103936,A
103937,D
103930,D
103931,A
103932,D
103933,B
103938,D
103939,A
103248,A
103249,A
110239,C
110238,A
110237,D
110236,B
110235,D
110234,C
110233,B
110232,B
110231,C
110230,B
110550,B
104588,D
104589,B
104584,C
104585,B
104586,B
104587,B
104580,D
104581,C
104582,A
104583,A
105183,C
105182,C
105181,B
105180,A
105187,A
105186,D
105185,A
105184,D
105189,D
105188,C
109198,D
109199,D
109668,C
109669,B
105369,A
105368,A
105367,B
105366,B
105365,D
105364,B
105363,C
105362,C
105361,C
105360,C
109662,C
109663,B
109660,D
109661,D
109194,B
109195,D
109664,B
109665,D
108678,D
108679,B
108676,C
108677,C
108674,C
108675,A
108672,A
108673,C
108670,B
108671,C
108418,D
108419,D
108412,B
108413,A
108410,B
108411,B
108416,B
108417,C
108414,A
108415,A
103749,D
103748,C
103039,A
103038,C
103035,A
106514,C
103037,B
103036,A
103031,A
103030,B
103745,B
103744,D
110545,B
110544,B
110547,A
110546,C
110541,B
110540,D
105965,A
105964,D
105967,D
105966,D
105961,A
105960,D
105963,C
105962,D
109231,B
109230,A
109233,D
109232,B
105969,C
105968,D
109237,C
109236,B
107938,A
107939,A
110536,B
110537,A
110530,D
110531,A
110532,D
110533,C
107930,A
107931,A
107932,C
107933,A
107934,C
107935,D
107936,B
107937,A
103053,C
109266,C
109267,D
109264,A
109265,D
109262,C
109263,C
106461,C
109260,B
106460,A
103051,D
109261,B
106463,C
106462,B
106465,C
106464,A
105796,A
105797,C
105794,A
105795,C
105792,C
105793,A
105790,D
105791,B
106466,B
105798,D
105799,A
106469,D
110499,D
106468,C
106497,B
102511,A
102510,C
102513,C
102512,A
102515,D
102514,C
102517,B
102516,A
102519,D
102518,C
104773,C
104772,A
104771,A
104770,A
104777,B
104776,C
104775,B
104774,D
106498,B
104779,A
104778,A
105420,D
105421,B
104829,C
104828,B
105424,A
105425,A
105426,A
105427,A
104823,C
104822,A
104821,D
104820,D
104827,A
104826,C
104825,C
104824,A
106689,C
106688,D
106499,B
106685,A
106684,B
106687,D
106686,B
106681,A
106680,D
106683,B
106682,A
109994,C
107480,B
107481,D
107482,D
107483,B
107484,D
107485,A
107486,B
107487,C
107488,C
107489,B
109428,A
109429,D
109938,B
109939,B
109424,C
109425,D
109426,B
109427,A
109420,D
109421,D
109422,C
109423,A
107158,D
107159,D
109998,D
107152,A
107153,A
107150,D
107151,C
107156,D
107157,B
107154,D
107155,A
108889,C
108888,D
108885,A
108884,B
108887,C
108886,A
108881,D
108880,B
108883,C
108882,B
105882,A
105883,A
105880,B
105881,B
105886,A
105887,A
105884,B
105885,A
109680,A
109681,B
105888,A
105889,A
109684,B
109685,A
109686,C
109687,C
107031,C
107030,A
107033,B
107032,C
107035,D
107034,C
107037,C
107036,B
107039,D
107038,D
108085,A
108084,C
108087,C
108086,C
108081,B
108080,D
108083,B
108082,D
108089,C
108088,B
108526,A
108339,B
108338,C
108337,C
108336,A
108335,D
108334,B
108333,A
104729,D
108331,A
108330,A
103484,C
103485,A
103486,C
103487,C
103480,B
103481,C
103482,B
103483,B
108522,C
103488,D
103489,C
108523,C
108993,C
108520,C
108992,B
108521,B
108991,D
108990,B
108997,C
108996,D
104218,A
104219,A
104214,B
104215,B
104216,A
104217,A
104210,D
104211,C
104212,D
104213,C
103260,B
103261,C
103262,B
103263,C
103264,B
103265,C
103266,D
103267,A
103268,C
103269,B
110259,D
110258,D
110251,B
110250,A
110253,C
110252,D
110255,B
110254,D
110257,A
110256,D
110343,B
109892,D
109752,A
105169,C
105168,B
105165,B
105164,B
105167,A
105166,B
105161,A
105160,C
105163,D
105162,C
109789,A
109788,B
105309,C
105308,D
105301,B
105300,B
105303,C
105302,B
105305,D
105304,C
105307,B
105306,D
109757,C
108658,B
108659,A
108650,C
108651,B
108652,A
108653,B
108654,A
108655,D
108656,C
108657,A
106146,B
106147,B
106144,D
106145,A
106142,A
106143,B
106140,C
106141,A
106148,D
106149,A
102656,B
102657,C
102654,B
102655,B
102652,C
102653,C
102650,A
102651,A
109753,C
102658,C
102659,A
108434,A
108435,A
108436,C
108437,D
108430,D
108431,C
108432,C
108433,C
108438,C
108439,D
109751,C
108190,D
106537,C
106536,A
106535,D
106534,C
106533,A
106532,C
106531,D
106530,D
106539,C
106538,B
104722,D
109213,A
109212,D
109211,B
104723,C
109217,B
109216,C
109215,B
109214,C
109219,A
109218,B
109749,D
109748,C
105949,B
105948,B
105947,C
105946,B
105945,C
105944,B
105943,B
105942,B
105941,D
105940,B
107523,B
107522,D
103073,D
107524,D
107952,C
107953,C
107950,A
107951,A
107956,D
107957,B
107954,A
107955,B
107958,B
107959,A
110088,D
110089,D
110084,C
110085,D
110086,B
110087,B
110080,C
110081,C
110082,A
110083,C
103074,A
106339,C
106338,B
106335,A
106334,D
106337,B
106336,A
106331,D
106330,B
106333,A
106332,C
102539,B
102538,C
102829,B
102828,A
102533,C
102532,A
102531,B
102530,B
102537,D
102820,B
102535,D
102822,B
104799,D
104798,B
104795,C
104794,B
104797,C
104796,B
104791,D
104790,D
104793,D
104792,D
105448,A
105449,D
105442,D
105443,A
105440,D
105441,C
105446,D
105447,D
105444,D
105445,D
102797,D
102796,B
102795,B
102794,A
102793,D
102792,B
102791,B
102790,C
102799,D
102798,D
106568,B
103049,A
103044,C
103045,D
103046,A
103047,B
103040,B
103041,A
103042,C
106563,A
109918,B
109919,D
109910,C
109911,D
109912,D
109913,B
109914,C
109915,B
109916,C
109917,A
107174,C
107175,A
107176,B
107177,A
107170,C
107171,B
107172,A
107173,C
107178,B
107179,A
107019,A
107018,C
107013,B
107012,A
107011,A
107010,D
107017,B
107016,B
107015,D
107014,D
110384,B
109977,B
108359,B
108358,D
109979,C
108351,D
108350,D
108353,C
108352,B
108355,D
108354,C
108357,B
108356,D
106490,A
106491,B
106492,D
106493,C
106494,B
106495,A
106496,A
106949,A
103466,C
106947,D
103464,C
106945,C
103462,B
103463,D
103460,A
103461,D
103208,C
103209,C
103202,D
103203,C
103200,B
103201,B
103206,A
103207,D
103204,C
103205,C
110273,C
110272,A
110271,C
110270,D
110277,B
102896,C
110275,D
110274,A
110279,B
102897,D
104092,B
102898,D
104090,A
104091,C
104096,D
104097,B
104094,D
102899,D
104098,D
104099,B
109006,B
109007,B
109004,C
109005,C
109002,A
109003,C
109000,B
109001,D
109718,C
109008,C
109009,C
105917,B
109713,B
105147,A
105146,B
105145,D
105144,C
105143,A
105142,B
105141,C
105140,A
109716,C
105149,A
105148,A
109715,A
104636,D
104637,B
104634,C
104635,A
104632,C
104633,A
104630,A
104631,B
104638,B
104639,A
105323,A
105322,D
105321,D
105320,A
105327,A
105326,A
105325,B
105324,A
105329,A
105328,B
107789,B
107788,D
107783,B
107782,D
107781,D
107780,D
107787,B
107786,C
107785,D
107784,A
105089,B
103448,D
106969,C
108632,A
108633,C
108630,A
108631,C
108636,B
108637,C
108634,A
108635,D
108638,B
108639,D
108988,B
108989,D
103440,A
106269,B
103441,A
102525,A
106962,C
106160,D
106161,B
106162,C
106163,C
106164,A
106165,C
106166,B
106167,B
106168,B
106169,C
106965,C
102670,B
102671,C
102672,A
102673,B
102674,C
106966,D
102676,B
102677,A
102678,C
102679,B
103195,C
108188,D
108189,C
108184,B
108185,B
108186,D
108187,C
108180,D
108181,C
108182,D
108183,B
102527,B
106963,A
106551,B
106550,C
106553,A
106552,B
103075,B
106554,A
106557,B
106556,D
106559,A
106558,C
109589,B
109588,A
109769,A
109768,A
109767,D
109766,C
109765,A
109764,A
109763,B
109762,C
109761,B
109760,B
105929,D
105928,A
105921,B
105920,A
105923,D
105922,B
105925,D
105924,D
105927,A
105926,B
108852,D
108853,C
108850,C
103695,B
103694,B
103697,A
103696,A
103691,D
103690,A
103693,C
103692,D
108856,D
103699,D
103698,A
108857,A
103227,A
108854,D
103220,B
108855,D
103221,D
107978,C
103222,B
107208,C
107209,B
107206,B
107207,A
107204,D
107205,D
107202,B
107203,B
107200,D
107201,B
107963,A
107214,C
107961,B
107216,A
107967,A
107966,B
107965,B
106502,C
107964,C
110535,C
104409,C
104408,D
104405,B
104404,C
104407,A
104406,A
104401,B
104400,D
104403,B
104402,B
106317,B
106316,D
106315,A
106314,D
106313,C
106312,C
106311,B
106310,D
106319,A
106318,B
102807,C
102806,D
102805,D
102804,B
102803,B
102802,D
102801,C
102800,C
102809,B
102808,D
106503,C
106924,B
105464,D
105465,B
105466,A
105467,C
105460,D
105461,B
105462,C
105463,C
105468,A
105469,D
107198,D
107199,C
107196,D
107197,A
107194,A
107195,C
107192,D
107193,D
107190,B
107191,A
108456,D
108457,A
108454,A
108455,C
106925,C
108452,A
108453,D
108450,D
108451,A
109455,C
109454,A
109457,B
109456,C
109451,D
109450,D
109972,B
109973,B
109970,D
109971,B
109976,C
109453,D
109974,A
109975,B
109978,C
109452,D
108373,B
108372,C
108371,A
108370,D
108377,A
108376,B
108375,B
108374,A
108379,D
108378,D
106968,B
103449,C
103198,B
103199,D
106960,C
106961,C
103442,C
103191,C
106964,C
103445,A
103446,A
103447,C
103992,C
103993,C
103990,B
103991,B
103996,D
103997,B
103994,C
103995,C
103998,A
103999,C
103228,B
103229,C
109398,C
109399,B
110299,A
110298,B
110295,B
110294,D
110297,B
110296,A
110291,C
110290,C
110293,B
110292,D
109020,D
109021,B
109022,A
109023,A
109024,A
109025,B
109026,B
109027,D
109028,B
109029,A
103920,C
105121,C
105226,B
105123,B
105122,D
105125,B
105124,A
105127,B
105227,A
105129,B
105128,D
105224,A
105557,B
105222,B
105223,C
104610,A
104611,C
104612,A
104613,C
104614,A
105220,C
104616,C
105120,C
104618,C
104619,A
105553,A
109679,C
105699,B
105698,C
109678,B
105693,C
105692,A
105691,A
105126,A
105697,D
105696,B
105695,B
105694,B
108069,C
108068,A
109673,D
109672,A
109565,B
108618,B
108619,A
108968,C
108969,B
108614,C
108615,B
108616,A
108617,D
108610,A
108611,A
108612,C
108613,D
108065,D
108064,A
106108,A
106109,C
106102,C
106103,D
106100,A
106101,C
106106,B
106107,B
106104,C
106105,C
102618,D
102619,A
102612,D
102613,D
102610,C
102611,B
102616,D
106948,C
102614,A
102615,D
109566,C
109065,C
104615,A
109561,A
104617,A
109560,A
106579,B
106578,D
109569,B
109568,D
106573,D
106572,C
106571,A
106570,B
106577,C
106576,D
106575,D
106574,D
109563,C
109562,A
110570,D
105903,C
105902,C
105901,A
105900,A
105907,A
105906,B
105905,D
105904,B
109701,A
109700,B
105909,D
105908,D
109705,D
109704,B
109707,C
109706,C
106467,D
107228,B
107229,B
110590,D
110591,A
109446,A
110597,B
110594,C
110595,B
107220,B
107221,C
107222,A
107223,C
107224,A
107225,B
107226,A
107227,C
109447,B
105690,B
106941,B
109275,D
109274,C
109277,B
110336,B
110337,D
110334,A
109276,C
110332,B
110333,A
110330,A
110331,D
109271,D
110338,D
109270,B
104427,A
104426,A
104425,C
104424,A
104423,A
104422,C
104421,A
104420,D
109272,B
104429,B
104428,D
106458,D
109069,A
106459,A
106371,C
106370,D
106373,A
106372,D
106375,C
106374,B
106377,D
106376,A
106379,A
106378,D
102861,A
103134,B
102863,D
102862,D
102865,D
102864,A
102867,A
103135,B
102869,C
102868,D
106456,C
106457,C
106450,B
106451,C
106452,D
103133,C
107428,C
107429,B
107426,A
107427,D
107424,A
107425,B
107422,D
107423,B
107420,B
107421,B
105488,B
105489,D
105486,B
105487,C
105484,A
105485,C
105482,C
105483,A
105480,A
105481,B
103225,B
109997,A
104999,A
104998,C
104997,A
104996,D
104995,B
104994,D
104993,B
104992,A
104991,A
104990,C
109958,C
109959,B
109954,A
109955,A
109956,C
109957,A
109950,C
109951,A
109952,B
109953,A
108399,B
108398,A
108395,D
108394,D
108397,C
108396,B
108391,D
108390,A
108393,B
108392,B
106902,C
106903,D
106900,A
106901,A
106906,A
106907,D
106904,D
106905,D
106908,C
106909,A
108537,B
108536,C
108531,B
108530,B
110109,B
108533,A
110105,C
110104,C
110107,C
108532,A
110101,D
110100,A
110103,D
110102,D
108966,B
108967,A
108964,C
107283,A
108965,D
108962,C
106512,A
108963,A
108960,A
108961,C
109048,C
109049,D
109042,B
109043,B
109040,C
109041,A
109046,D
109047,A
109044,C
109045,C
109583,D
105109,D
105108,A
105103,C
105102,A
105101,B
105100,B
105107,C
105106,D
105105,C
105104,D
109582,B
104678,B
104679,D
104672,B
104673,A
104670,D
104671,C
104676,B
104677,C
104674,A
104675,A
109581,B
109580,D
109587,A
103795,C
106298,B
106299,B
106292,B
106293,B
106290,D
106291,B
106296,D
106297,B
106294,B
106295,B
108948,B
108949,C
108940,C
108941,C
108942,A
108943,D
108944,A
108945,B
108946,C
108947,B
106124,D
106125,C
106126,D
106127,A
106120,C
106121,B
106122,C
106123,B
106128,B
106129,B
102634,A
102635,A
102636,D
102637,A
102630,B
102631,B
102632,A
102633,C
109584,C
102638,A
102639,C
102617,D
105088,C
109547,D
103314,C
109545,D
109544,B
109543,A
109542,A
109541,D
103643,A
103316,B
109549,B
109548,D
103317,A
106555,A
103310,A
103311,A
107655,C
107654,D
107657,C
107656,A
107651,A
107650,C
107653,A
107652,D
103313,C
107659,C
107658,C
108492,D
108493,C
108490,D
108491,D
108496,A
108497,A
108494,C
108495,A
108498,A
108499,D
109723,D
109722,C
109721,B
109720,C
109727,B
109726,B
109725,A
109724,A
109729,A
109728,B
107242,C
107243,D
107240,C
107241,C
107246,A
107247,B
107244,B
107245,C
107248,A
107249,A
108236,B
108237,B
108234,C
108235,D
108232,D
108233,D
108230,A
108231,A
108238,A
108239,D
107866,C
107867,B
107864,D
107865,B
107862,D
107863,D
107860,D
107861,B
107868,D
107869,A
110310,A
110311,A
110312,C
110313,B
110314,A
110315,C
110316,B
110317,A
110318,C
110319,A
104441,D
104440,B
104443,C
104442,B
104445,C
104444,D
104447,D
104446,C
104449,D
104448,C
106359,D
106358,A
106353,D
106352,B
106351,A
106350,D
106357,B
106356,D
106355,C
106354,A
102849,A
102848,B
102843,B
102842,B
102841,B
102840,B
102847,D
102846,A
102845,B
102844,A
110049,B
103236,C
103059,A
103058,C
105718,B
105719,C
105716,B
105717,C
105714,C
105715,D
105712,D
105713,C
105710,D
105711,D
107408,C
107409,A
103052,A
107400,A
107401,D
107402,D
107403,B
107404,B
107405,B
107406,B
107407,C
103050,C
103057,D
103056,C
103055,B
103054,D
108009,B
108008,A
108005,C
108004,B
108007,D
108006,D
108001,B
108000,C
108003,C
108002,A
104700,D
103408,C
103409,C
103158,A
103159,C
103404,D
103157,A
103154,D
103155,B
103152,B
103153,D
103150,A
103151,D
105356,D
105357,D
105354,B
105355,B
105352,A
105601,A
103156,D
105603,A
109064,A
102887,C
109066,A
109067,B
109060,D
109061,C
109062,C
102886,C
109068,A
102885,A
109709,D
102556,B
109708,B
102883,C
102882,B
110127,D
110126,B
110125,C
110124,C
110123,B
102881,C
107389,D
107388,D
107387,D
107386,A
107385,B
107384,A
107383,C
107382,A
107381,B
107380,D
104388,C
104389,B
104382,B
104383,B
104380,B
104381,D
104386,B
104387,C
104384,C
104385,B
108738,A
109703,B
109702,C
103457,D
103456,A
103455,A
105381,C
105380,D
105383,D
105382,B
105385,D
105384,B
105387,D
105386,B
105389,A
105388,A
108734,C
103452,A
103451,D
103450,A
105099,D
105098,D
103459,A
103458,B
104126,B
104127,A
104656,C
104125,A
104122,C
104123,D
104120,A
104121,B
104658,C
104659,B
104128,A
104129,D
105525,B
105524,D
105527,B
105526,B
105521,C
105520,A
105523,D
105522,C
105529,A
105528,C
108922,B
108923,C
108920,A
108921,A
108926,A
108927,A
108924,B
108925,D
108928,C
108929,D
109521,A
109520,B
109523,C
109522,A
109525,D
109524,D
109527,B
109526,C
109529,C
109528,D
110113,D
107679,C
107678,B
107677,C
107676,B
107675,D
107674,B
107673,C
107672,A
107671,C
107670,D
109229,A
109299,B
109298,C
109293,A
109292,D
109291,C
109290,A
109297,D
109296,C
109295,D
109294,C
103233,D
108842,A
103232,C
103231,C
103230,D
107268,B
107269,C
107264,C
107265,B
107266,B
107267,A
107260,D
107261,B
107262,A
107263,B
108210,B
108211,C
108212,D
108213,C
108214,A
103235,C
108216,C
108217,B
108218,B
108219,D
103234,D
103312,C
110598,B
110599,A
103365,D
103364,C
103367,C
103366,A
103361,B
103360,B
103363,C
103362,D
103369,C
103368,B
107840,B
107841,C
107842,B
107843,A
107844,A
107845,B
107846,D
107847,A
107848,D
107849,B
110378,C
110379,C
110372,D
110373,D
110370,A
110371,C
110376,B
110377,B
110374,B
110375,B
104469,C
104468,B
104463,C
104462,D
104461,D
104460,C
104467,C
104466,D
104465,B
104464,B
105738,C
105739,D
105730,A
105731,D
105732,C
105733,D
105734,D
105735,C
105736,C
105737,D
107462,A
107463,A
107460,B
107461,A
107466,D
107467,A
107464,D
107465,A
107468,C
107469,D
104654,D
108445,D
108444,D
109038,C
108447,A
108110,C
108441,B
108440,D
108027,A
108026,C
108025,A
108024,C
108023,B
108022,A
108021,A
108020,A
108442,A
108029,A
108028,D
106418,B
106419,C
103170,D
103171,D
103172,B
103173,B
103174,A
103175,B
103176,B
106417,D
103282,C
103283,A
103280,A
103281,B
103286,A
103287,B
103284,D
103285,C
103288,B
103289,A
109888,D
109889,D
109088,B
109089,A
109086,C
109087,B
109084,D
109085,A
109082,B
109083,C
109080,A
109081,D
110141,B
110140,A
110143,B
110142,B
110145,A
110144,B
110147,A
110146,D
110149,D
110148,B
103826,B
103827,C
103824,D
103825,A
103822,D
103823,D
103820,A
103821,B
103828,B
103829,A
105235,C
105234,D
105237,D
105236,A
105231,A
110339,C
105230,D
105233,C
105232,C
106258,B
106259,D
106256,C
106257,B
106254,A
106255,A
106252,A
106253,B
106250,D
106251,B
104100,B
104101,D
104102,A
104103,B
104104,B
104105,C
104106,A
104107,B
104108,D
104109,C
105509,C
105508,D
105507,C
105506,C
105505,C
105504,D
105503,A
105502,B
105501,A
105500,A
108851,B
108908,C
108909,B
108904,C
108905,A
108906,C
108907,D
108900,D
108901,A
108902,B
108903,C
109509,A
109508,B
109503,C
109502,C
109501,D
109500,A
109507,C
109506,B
109505,B
104602,C
107619,C
107618,B
102860,A
107611,D
107610,A
107613,D
107612,D
107615,A
107614,B
107617,C
107616,D
102866,D
108278,C
108279,B
108272,B
108273,A
108270,A
108271,C
108276,A
108277,D
108274,D
108275,A
106883,D
106882,C
106881,D
106880,B
106887,B
106886,B
106885,B
106884,C
106889,A
106888,D
103619,A
103618,A
103349,B
103348,A
103347,B
103614,A
103345,B
103344,A
103343,C
103610,B
103341,C
103612,A
110354,D
110355,A
107828,A
107829,B
110350,A
110351,C
110352,C
110353,D
107822,B
107823,B
107820,B
107821,B
107826,C
107827,D
107824,B
107825,B
109246,C
109247,A
103129,A
109248,D
103128,C
109249,B
103123,A
103122,A
103121,C
103120,C
103127,A
103126,B
103125,D
103124,A
105752,D
105753,C
105750,D
105751,D
105756,C
105757,B
105754,A
105755,D
105758,A
105759,A
107448,D
107449,C
107444,B
107445,C
107446,B
107447,B
107440,B
107441,C
107442,A
107443,A
106065,C
106064,B
106067,B
106066,D
106061,B
106060,C
106063,A
106062,D
106069,A
106068,A
102995,C
102994,A
102997,C
102996,C
102991,B
102990,B
102993,D
102992,D
102999,B
102998,A
108041,B
108040,A
108043,D
108042,B
108045,C
108044,D
108047,A
108046,C
108049,A
108048,A
104939,B
104938,C
104935,B
104934,C
104937,A
104936,C
104931,C
104930,C
104933,D
104932,B
103742,A
103112,B
106473,A
103110,A
106471,B
106476,A
103117,A
103114,A
106475,A
106478,A
103119,D
103741,D
109318,C
109319,C
109316,B
109317,D
109314,A
109315,C
109312,D
109313,C
109310,B
109311,A
108975,A
108974,B
108977,D
108976,A
108971,D
108970,C
108973,D
108972,B
110169,B
110168,D
110163,D
110162,C
110161,B
110160,B
110167,A
110166,C
110165,A
110164,C
103800,C
103801,C
103802,D
103803,D
103804,B
103805,B
103806,D
103807,A
103808,D
103809,B
104348,C
104349,B
104346,A
104347,D
104344,C
104345,A
104342,D
104343,C
104340,B
104341,A
106278,D
106279,D
106270,C
106271,A
106272,B
106273,B
106274,C
106275,D
106276,B
106277,D
109385,B
104698,A
104699,B
104168,D
104169,D
104690,D
104691,B
104692,B
104161,A
104694,B
104167,B
104696,D
104697,B
105569,D
106183,D
106180,B
106181,D
106186,B
106187,A
106184,A
106185,A
105561,C
105560,B
106188,A
106189,B
105565,D
105564,D
105567,C
105566,C
102692,B
102693,D
102690,B
102691,C
102696,D
102697,C
102694,C
102695,D
102698,C
102699,A
109387,C
109386,D
109381,A
107589,C
107588,A
107581,B
107580,A
107583,C
107582,B
107585,B
107584,A
107587,B
107586,D
109380,C
103303,C
103302,D
103301,D
107633,D
107632,A
107631,D
107630,D
107637,A
107636,A
107635,A
107634,A
103307,C
107639,D
107638,B
103306,B
103305,B
103304,C
109382,A
105989,D
105988,C
105983,A
105982,C
105981,B
105980,D
105987,C
105986,C
105985,A
105984,C
108788,C
108789,B
108782,A
108783,D
108780,D
108781,C
108786,B
108787,C
108784,D
108785,B
108254,A
108255,A
108256,C
108257,D
108250,A
108251,B
108252,A
108253,C
108258,A
108259,A
108528,C
108529,C
109781,C
109780,C
109783,A
109782,D
106869,C
106868,B
109787,C
109786,A
106865,A
106864,B
106867,D
106866,C
106861,B
106860,C
106863,B
106862,A
103637,C
103636,B
103635,D
103634,D
103633,C
103632,B
103631,C
103630,A
103639,A
103638,C
103329,A
103328,A
110463,C
103321,B
103320,D
103323,A
103322,C
103325,A
103324,B
103327,A
103326,D
110400,D
110401,C
110402,B
110403,A
110404,A
110405,B
110406,B
110407,D
110408,D
110409,A
110467,C
110464,B
110465,A
103192,C
109125,D
109124,A
109127,D
109126,D
109121,B
109120,D
109123,B
109122,D
109129,B
109128,A
103193,A
103190,B
107804,B
107805,B
107806,B
107807,C
107800,C
107801,D
107802,A
107803,B
107808,C
107809,B
104575,D
104574,A
104577,B
104576,A
104571,C
104570,B
104573,C
104572,C
104579,C
104578,C
103196,C
105778,A
105779,B
105774,C
105775,A
105776,D
105777,A
105770,B
105771,B
105772,C
105773,C
103197,D
103406,D
103194,B
103400,C
106049,D
106048,B
106047,D
106046,C
106045,C
106044,B
106043,C
106042,C
106041,D
106040,B
104917,D
104916,D
104915,C
104914,B
104913,C
104912,B
104911,B
104910,B
108063,B
108062,A
108061,D
108060,C
108067,B
108066,B
104919,C
104918,C
103403,A
103138,A
103139,B
106454,A
106455,C
103136,C
103137,D
103130,B
103131,A
103132,D
106453,A
109338,B
109339,C
109737,A
109330,D
109331,D
109332,C
109333,C
109334,D
109335,A
109336,D
109337,D
105345,A
108535,B
105612,C
105347,A
105610,D
105617,B
105616,D
103790,C
103791,C
103792,C
103793,C
103794,A
105343,D
103796,C
103797,C
103798,B
103799,D
105614,A
107329,C
107328,C
107325,B
107324,B
107327,A
107326,C
107321,A
107320,D
107323,C
107322,C
103868,C
103869,C
103862,B
103863,A
103860,C
103861,C
103866,B
103867,C
103864,A
103865,A
103422,D
103423,C
103420,B
103421,A
103426,C
108816,D
103427,B
103424,B
103425,B
104368,A
104369,D
104360,C
104361,D
104362,A
104363,D
104364,A
104365,A
104366,D
104367,B
106212,D
106213,D
106210,C
106211,B
106216,A
106217,B
106214,D
106215,B
105091,B
105090,B
106218,C
106219,D
105095,B
105094,B
105097,D
105096,D
108814,D
104144,B
104145,C
104146,C
104147,C
104140,A
104141,A
104142,C
104143,D
104148,D
104149,C
108815,C
110108,D
109984,B
105543,B
105542,C
105541,B
105540,B
105547,B
105546,A
105545,B
105544,D
105549,D
105548,A
105239,B
105238,C
110106,A
109983,A
108500,A
108501,D
108502,D
108503,A
108504,A
108505,B
108506,B
108507,C
108508,A
108509,C
106847,A
106846,D
106845,A
106844,C
106843,B
106842,C
106841,D
106840,C
106849,B
106848,C
108693,A
103651,A
103650,B
103653,B
103300,B
103655,C
103654,D
103657,C
103656,B
103659,C
103658,A
103309,C
103308,D
108699,C
110398,D
110399,D
110468,C
110469,B
103512,A
110390,C
110391,D
110392,A
110393,A
110394,A
110395,B
110396,C
110397,B
109109,D
109108,D
109107,B
109106,D
109105,A
109104,B
109103,C
109102,C
109101,D
109100,C
104559,C
104558,B
104557,C
104556,D
104555,D
104554,A
104553,B
104552,A
104551,B
104550,C
109564,D
103428,D
106029,D
106028,D
106021,D
106020,A
106023,A
106022,A
106025,A
106024,B
106027,B
106026,B
103429,D
104971,C
104970,B
104973,A
104972,C
104975,A
104974,A
104977,D
104976,B
104979,B
104978,A
109567,C
107776,D
107777,A
107774,C
107775,B
107772,A
107773,C
107770,D
107771,C
107778,A
107779,D
109352,B
109353,A
109350,A
109351,B
109356,B
109357,A
109354,D
109355,B
109358,B
109359,A
109879,C
107307,A
107306,C
107305,C
107304,B
107303,D
107302,C
107301,A
107300,B
107309,A
107308,A
110320,D
105203,D
109658,D
110075,B
110074,B
110077,A
110076,D
110071,C
110070,B
110073,B
105209,A
110079,C
110078,C
104302,A
104303,A
104300,B
104301,D
104306,B
104307,D
104304,B
104305,C
104308,A
104309,A
103844,C
103517,A
103514,A
103515,C
103840,C
103513,A
103842,C
103843,B
103848,B
103849,D
103518,D
103519,D
106238,D
106239,A
106234,B
106235,D
106236,A
106237,D
106230,B
106231,D
106232,A
106233,A
107549,D
107548,D
107545,C
107544,A
107547,B
107546,D
107541,C
107540,C
107543,B
107542,C
105219,A
105218,A
105217,B
105216,B
105215,A
105214,A
105213,D
105212,D
105211,A
105210,C
108748,D
108749,A
108746,C
108747,A
108744,A
108745,A
108742,C
108743,A
108740,D
108741,D
104898,B
104899,C
104892,D
104893,B
104890,C
104891,A
104896,B
104897,B
104894,A
104895,D
108298,B
108299,A
108568,B
108569,A
108290,D
108291,D
108292,B
108293,A
108294,D
108295,C
108296,B
108297,B
106821,C
106820,D
106823,C
106822,D
106825,A
106796,B
106827,D
106794,A
106829,B
106828,A
106799,C
106798,D
103679,D
103678,D
103673,A
103672,A
103671,B
103670,C
103677,A
103676,D
103675,C
103674,C
105855,C
105854,B
105857,A
105856,B
105851,C
105850,D
105853,A
105852,A
109161,A
109160,B
109163,C
109162,C
105859,C
105858,B
109167,D
109166,A
109257,A
109256,C
109255,A
109254,A
109253,D
109252,A
109251,C
109250,B
110444,D
110445,C
110446,B
110447,B
110440,C
110441,A
110442,D
110443,B
110448,A
110449,A
104539,C
104538,A
104531,D
104530,A
104533,A
104532,D
104535,C
104534,B
104537,D
104536,C
105666,D
105667,A
105664,D
105665,B
105662,D
105663,A
105660,C
105661,A
105668,A
105669,D
106003,A
106002,D
106001,C
106000,C
106007,C
106006,C
106005,D
106004,D
106009,B
106008,A
104959,A
104958,B
104953,D
104952,A
104951,A
104950,A
104957,C
104956,C
104955,B
104954,C
107750,D
107751,B
107752,C
107753,D
107754,A
107755,B
107756,B
107757,B
107758,B
107759,A
109378,A
109379,B
109808,C
109809,D
109374,B
109375,D
109376,C
109377,C
109370,A
109371,B
109372,B
109373,A
106784,C
106833,D
106830,B
107361,A
107360,C
107363,C
107362,C
107365,A
107364,D
107367,B
107366,D
107369,D
106780,B
106837,C
108175,B
108174,A
108177,D
107915,A
108171,B
106834,D
108173,D
108172,D
106835,A
108179,A
108178,D
106586,A
106587,A
106584,C
106585,D
106582,A
106583,C
106580,A
106581,B
106588,A
106589,D
107985,C
107984,D
107987,A
107986,B
107981,B
107980,A
107983,C
107982,D
107989,B
107988,D
110059,D
110058,B
110057,B
110056,C
110055,C
110054,D
110053,A
110052,B
110051,B
110050,A
104328,B
104329,B
104324,D
104325,C
104326,A
104327,C
104320,C
104321,A
104322,D
104323,D
103530,C
103531,D
103532,C
103533,C
103534,B
103535,B
103536,D
103537,B
103538,C
103539,A
104188,C
104189,B
104180,A
104181,C
104182,D
104183,A
104184,D
104185,A
104186,A
104187,C
105059,A
105058,A
105055,D
105054,D
105057,D
105056,D
105051,A
105050,B
105053,D
105052,D
107567,D
107566,C
107565,D
107564,B
107563,B
107562,B
107561,A
107560,B
102582,A
102583,B
102580,C
102581,D
102586,D
102587,C
107569,A
107568,D
105587,B
105586,D
105585,B
105584,B
105583,B
105582,A
105581,C
105580,A
105589,A
105588,A
105279,A
105278,A
103443,D
105271,D
105270,B
105273,C
105272,B
105275,B
105274,D
105277,B
105276,D
107691,C
107690,B
107693,B
107692,D
107695,B
107694,A
107697,B
107696,B
107699,C
107698,D
103444,C
108768,A
108769,D
108760,B
108761,B
108762,D
108763,D
108764,B
108765,A
108766,A
108767,B
106616,A
106617,D
106614,D
106615,A
106612,A
106613,C
106610,D
106611,B
106618,A
106619,B
102726,B
102727,B
102724,B
102725,D
102722,B
102723,C
102720,A
102721,D
102728,A
102729,A
108544,D
108545,B
108546,B
108547,D
108540,D
108541,C
108542,A
108543,C
108548,D
108549,D
108818,A
108819,C
106809,D
106808,B
106779,B
106778,D
106775,C
106774,B
106801,C
106800,A
106807,C
106806,C
106805,C
106772,C
109499,C
109498,C
109491,A
109490,A
109493,C
109492,A
109495,C
109494,B
109497,B
109496,C
109143,B
109142,D
109141,B
109140,B
109147,C
109146,A
109145,C
109144,D
109149,A
109148,C
109639,B
109638,B
105879,A
105878,D
105877,D
105876,D
105875,A
105874,A
105873,D
105872,C
105871,B
105870,B
110602,D
110603,D
110600,B
110601,C
110606,C
110607,A
110604,C
110605,B
110608,A
110609,C
109546,D
109540,D
103723,B
109178,D
103143,D
109179,B
106425,A
103722,C
106427,B
109174,D
109175,A
104513,C
104512,C
104047,D
104510,B
104517,B
104516,A
104515,B
104514,C
104519,D
104518,A
104049,A
104048,C
105640,C
105641,B
105642,B
105643,A
105644,B
105645,B
105646,D
105647,A
105648,B
105649,C
106421,B
102919,A
102918,B
102915,D
102914,A
102917,A
102916,B
102911,D
106420,C
102913,D
102912,B
106423,B
106422,B
106508,C
109926,D
107738,D
107739,C
107732,B
107733,A
107730,C
107731,B
107736,A
107737,A
107734,D
107735,B
109828,C
109829,D
109820,A
109785,D
109822,B
109823,A
109824,B
109825,D
109826,D
106506,A
109784,C
110502,C
106507,B
106504,A
107349,B
107348,B
107343,A
107342,C
107341,B
107340,A
107347,D
107346,C
107345,B
107344,A
108159,B
108158,D
108157,C
106505,C
108155,B
108154,D
108153,C
108152,A
108151,D
108150,C
105406,C
104800,A
105404,C
105405,D
105402,A
105403,A
103516,D
105400,A
103845,B
105401,C
103846,A
103080,A
103081,A
103082,D
103083,B
103084,D
103085,B
103086,D
103739,C
103736,D
103737,B
103734,D
103735,C
103732,D
103733,A
103730,D
103841,C
103431,A
106500,B
103510,C
103430,C
103511,C
103433,C
110039,A
110038,C
103432,D
110031,C
103435,D
110033,B
110032,D
110035,C
110034,C
110037,C
103434,C
106501,A
103437,D
103436,B
103888,B
103889,C
103558,C
103559,C
103438,B
103880,D
103881,A
103882,D
103883,A
103884,A
103885,D
103886,A
103887,D
110462,D
103847,D
109802,C
110460,D
109803,D
105077,C
105076,C
105075,C
105074,A
105073,A
105072,D
105071,C
105070,C
105079,D
105078,D
107501,B
107500,A
107503,D
107502,D
107505,B
107504,D
107507,C
107506,C
107509,A
107508,A
104708,A
104709,D
105253,B
105252,A
105251,D
105250,A
105257,C
105256,D
105255,C
105254,C
105259,D
105258,B
108702,B
108703,C
108700,B
108701,A
108706,A
108707,A
108704,C
108705,C
108708,A
108709,C
104858,C
104859,B
104856,A
104857,A
104854,B
104855,A
104852,D
104853,B
104850,C
104851,B
106630,B
106631,A
106632,C
106633,B
106634,C
106635,A
106636,C
106637,C
106638,B
106639,C
102700,C
102701,D
102702,C
102703,D
102704,D
102705,B
102706,A
102707,A
102708,A
102709,A
108830,B
108831,B
108832,C
108833,A
108834,A
108835,D
108836,B
108837,A
108838,A
108839,D
106757,D
106756,B
106755,D
106754,D
106753,C
106752,B
106751,D
106750,B
106759,A
106758,D
105602,C
109619,A
109618,B
109617,C
109616,B
109615,D
109614,B
109613,C
109612,D
109611,B
109610,B
107084,B
107085,B
107086,A
107087,A
107080,A
107081,D
107082,B
107083,A
105811,B
105810,A
105813,D
105812,A
107088,C
107089,D
105817,B
105816,A
110628,A
110629,B
110624,C
110625,B
110626,A
110627,B
110620,A
110621,D
110622,B
110623,D
103945,B
103944,B
103947,B
103946,D
103941,A
103940,C
103943,C
103942,B
103949,B
103948,B
107888,B
107889,C
107884,D
107885,B
107886,A
107887,B
107880,B
107881,B
107882,B
107883,C
110488,A
110489,B
110480,A
110481,B
110482,D
110483,D
110484,D
110485,C
110486,B
110487,B
106761,D
109384,A
104283,D
104282,B
104281,C
104280,D
104287,D
104286,B
104285,A
104284,D
104289,C
104288,C
104069,A
104068,A
104067,D
104066,A
104065,B
104064,C
104063,D
104062,B
104061,A
104060,B
105628,D
105629,A
105622,B
105623,C
105620,A
105621,A
105626,D
105627,C
105624,C
105625,B
102937,A
102936,A
102935,D
102934,C
102933,A
102932,C
102931,B
102930,D
102939,B
102938,B
107714,D
107715,B
107716,D
107717,D
107710,A
107711,C
107712,A
107713,C
107718,B
107719,D
109586,A
108139,A
108138,B
108131,C
108130,B
108133,D
108132,A
108135,A
108134,B
108137,A
108136,A
109842,B
109843,B
109840,A
109841,B
109846,C
109847,D
109844,D
109845,D
109848,C
109849,D
109585,C
103718,D
103719,B
103710,D
103711,C
103712,D
103713,B
103714,D
103715,B
103716,B
103717,B
110013,B
110012,C
110011,D
110010,D
110017,A
110016,B
110015,A
110014,C
110019,A
110018,D
110549,D
110548,A
103574,C
103575,B
103576,D
103577,C
103570,A
103571,C
103572,B
103573,A
103578,B
103579,B
109268,A
109269,D
104496,A
104497,C
104494,B
104495,B
104492,C
104493,C
104490,D
104491,C
104498,B
104499,B
105011,B
105010,A
105013,C
105012,A
105015,D
105014,B
105017,A
105016,A
105019,B
105018,C
103029,D
109891,B
103026,B
103755,C
103024,A
104720,A
104721,B
107529,A
107528,D
104724,B
104725,A
104726,C
104727,C
104728,B
103022,D
107521,C
107520,A
107527,D
107526,D
107525,D
103751,D
103752,C
103021,B
106380,B
106381,A
106382,D
106383,A
106384,B
106385,A
106386,D
106387,B
106388,B
106389,A
102890,D
102891,C
102892,B
102893,D
102894,D
102895,D
102548,D
102549,A
102546,B
102547,B
102544,C
102545,B
102542,C
102543,A
102540,B
102541,C
108728,B
108729,A
108724,C
108725,B
108726,C
108727,B
108720,C
108721,A
108722,B
108723,A
104878,C
104879,A
104870,D
104871,A
104872,D
104873,D
104874,A
104875,A
104876,D
104877,D
106658,C
106659,B
106652,D
106653,B
106650,D
106651,C
106656,D
106657,C
106654,C
106655,B
102768,C
102769,B
110500,C
102762,B
102763,A
102760,A
102761,D
102766,A
102767,C
102764,C
102765,A
108588,A
108589,A
108858,C
108859,D
108580,A
108581,D
108582,D
108583,C
108584,A
108585,B
108586,D
108587,B
106731,B
106730,B
106733,C
106732,C
106735,B
106734,C
106737,C
106736,B
106739,D
106738,D
110506,B
103389,A
103388,C
109459,B
109458,A
109989,C
109988,B
103383,D
103382,C
103381,B
103380,B
103387,B
103386,C
103385,C
103384,A
109187,A
109186,D
109185,D
109184,C
109183,B
109182,C
109181,B
109180,C
109228,C
109189,B
109188,D
105833,B
105832,C
105831,A
105830,D
105837,D
105836,A
105835,C
105834,C
109671,B
109670,A
105839,B
105838,D
109675,B
109674,C
109677,C
109676,C
107068,B
107069,D
107066,B
107067,D
107064,C
107065,B
107062,D
107063,D
107060,D
107061,C
109221,C
103969,D
103968,C
103967,A
103966,D
103965,B
103964,C
103963,D
103962,D
103961,B
103960,B
109224,D
109225,A
108739,D
104269,D
104268,A
104265,D
104264,A
104267,A
104266,A
104261,D
104260,A
104263,C
104262,D
110206,C
110207,D
110204,A
110205,A
110202,D
110203,C
110200,D
110201,D
110208,D
110209,D
104009,C
104008,D
104001,A
104000,A
104003,A
104002,B
104005,A
104004,C
104007,C
104006,A
110435,A
102951,C
102950,D
102953,B
102952,D
102955,C
102954,B
102957,B
102956,D
102959,C
102958,A
105604,A
105605,D
105606,B
105607,D
105600,B
105353,D
105350,A
105351,D
105608,A
105609,C
105358,D
105359,C
108562,A
108563,C
108560,C
103246,A
108561,A
103247,A
108566,C
103244,B
108567,B
103245,D
108564,D
103242,B
108565,B
103243,B
106793,B
103240,C
106792,A
103241,C
110543,D
106791,B
108113,D
108112,A
108111,D
106790,A
108117,D
108116,C
108115,C
108114,C
108735,B
106797,A
108119,C
108118,A
108449,C
108448,D
106824,D
106795,A
110542,C
106826,D
109868,A
109869,C
109864,D
109865,B
109866,A
109867,B
109860,C
109861,D
109862,C
109863,C
103772,A
103773,B
103770,D
103771,A
103776,D
103777,A
103774,A
103775,C
103778,C
103779,C
106967,C
110569,C
110568,B
110567,B
110566,A
110565,C
110564,B
110563,C
110562,B
110561,C
110560,D
109240,B
109241,B
109242,B
109243,C
109244,D
109245,D
103598,C
103599,D
103596,D
103597,D
103594,A
103595,B
103592,A
103593,A
103590,A
103591,A
109747,D
110424,C
110425,D
107295,B
107294,A
107297,A
107296,D
107291,D
107290,C
107293,A
107292,B
107299,C
107298,D
109666,A
105039,D
105038,C
105033,A
105032,A
105031,B
105030,C
105037,D
105036,D
105035,B
105034,D
109667,B
104748,C
104749,A
104742,D
104743,A
104740,D
104741,A
104746,A
104747,C
104744,D
104745,D
105297,B
105296,B
105295,B
105294,D
105293,A
105292,C
105291,B
105290,A
105299,C
105298,A
102568,D
102569,D
106932,A
102560,A
102561,A
102562,A
102563,B
102564,A
102565,A
102566,A
102567,C
104812,B
104813,A
104810,D
104811,B
104816,D
104817,A
104814,A
104815,B
104818,D
104819,D
106674,B
106675,C
106676,B
106677,B
106670,C
106671,A
106672,B
106673,A
106678,D
106679,C
102744,B
102745,D
102746,B
102747,D
102740,B
102741,A
102742,C
102743,A
102748,A
102749,C
106930,B
106719,B
106718,D
106713,B
106712,B
106711,A
106710,C
106717,A
106716,B
106715,A
106714,C
109477,B
109476,B
109475,A
109474,D
109473,C
109472,A
109471,D
109470,C
109479,C
109478,D
110429,C
107105,D
107104,A
107107,A
107106,D
107101,A
107100,C
107103,D
107102,D
107109,C
107108,A
108874,A
108875,D
108876,D
108877,C
108870,D
108871,B
108872,C
108873,D
108878,A
108879,C
109653,D
109652,B
109651,A
109650,C
109657,B
109656,A
109655,B
109654,A
109659,D
108950,B
107048,D
107049,A
107040,C
107041,B
107042,B
107043,A
107044,D
107045,D
107046,C
107047,A
103909,A
103908,D
103901,D
103900,C
103903,B
103902,D
103905,C
103904,C
103907,A
103906,C
109531,D
108306,A
108307,C
108304,C
108305,D
108302,B
108303,C
108300,C
108301,B
108308,B
108309,B
109169,D
109168,C
110196,C
110197,C
110194,D
110195,B
110192,C
110193,C
110190,D
110191,B
110198,C
110199,C
104247,C
104246,A
104245,A
104244,D
104243,C
104242,B
104241,B
104240,B
104249,C
104248,C
109165,C
109164,B
110220,D
110221,D
110222,C
110223,C
110224,D
110225,A
110226,A
110227,D
110228,B
110229,D
104023,B
104022,D
104021,A
104020,B
104027,A
104026,D
104025,A
104024,C
104029,A
104028,B
106089,A
106088,B
106083,A
106082,B
106081,A
106080,D
106087,B
106086,C
106085,A
106084,D
102979,B
102978,C
102973,B
102972,D
102971,C
102970,C
102977,C
102976,C
102975,B
102974,D
105194,C
105195,A
105196,C
105197,C
105190,A
105191,A
105192,B
105193,D
105198,A
105199,D
107997,C
107991,A
105370,D
105371,A
105372,C
105373,C
105374,A
105375,C
105376,C
105377,B
105378,C
105379,C
110043,A
108683,A
108682,B
108681,B
108680,C
108687,A
108686,D
108685,D
108684,C
108689,A
108688,B
108469,C
108468,A
108467,D
108466,A
108465,C
108464,A
108463,B
108462,A
108461,C
108460,D
104838,A
104839,A
103853,B
103758,A
103759,A
103028,B
106509,A
103754,C
103027,D
103756,D
103025,C
103750,B
103023,C
103020,B
103753,D
103850,B
103857,A
103856,D
110509,A
110508,B
103855,B
110501,B
104830,C
110503,B
103854,A
110505,B
110504,B
110507,B
104831,C
106928,A
106929,C
105976,C
105977,C
105974,C
105975,D
105972,C
105973,B
105970,B
105971,C
109222,A
109223,D
109220,C
106439,B
109226,B
109227,C
105978,A
105979,C
106436,D
103405,A
106434,D
103407,A
106920,A
103401,C
103402,C
106923,B
107909,B
107908,C
107905,B
107904,B
107907,C
107906,A
107901,D
107900,C
107903,C
107902,A
108446,B
107975,B
107976,C
106812,B
108443,C
110439,B
102502,A
102503,C
102501,C
102506,B
102507,D
102504,B
102505,C
102508,C
102509,D
104764,A
104765,C
104766,B
104767,D
104760,C
104761,A
104762,D
104763,D
104768,D
104769,A
105415,D
105414,B
105417,C
105416,D
105411,A
105410,D
105413,B
105412,C
104834,D
104835,C
104836,A
104837,D
105419,B
105418,B
104832,B
104833,B
106698,D
106699,B
106696,D
106697,A
106694,C
106695,B
106692,D
106693,B
106690,A
106691,D
110438,D
108527,B
109987,B
109411,C
109410,A
109413,C
109412,D
109415,D
109414,A
109417,B
109416,B
109419,C
109418,B
108524,C
109986,C
107129,A
107128,D
107127,C
107126,D
107125,B
107124,C
107123,A
107122,D
107121,D
107120,A
109985,D
108898,D
108899,A
108896,D
108897,D
108894,C
108895,C
108892,A
108893,C
108890,C
108891,A
106999,C
106998,A
106991,B
106990,D
106993,B
106992,D
106995,B
106994,A
106997,A
106996,A
107022,B
107023,B
107020,A
107021,D
107026,D
107027,D
107024,B
107025,B
107028,C
107029,A
108096,D
108097,A
108094,C
108095,A
108092,A
108093,A
108090,C
108091,C
108098,B
108099,D
109982,C
108320,B
108321,C
108322,C
108323,B
108324,A
108325,A
108326,D
108327,D
108328,C
108329,C
109981,D
109980,C
104221,D
104220,B
104223,D
104222,D
104225,D
104224,C
104227,D
104226,B
104229,C
104228,D
103255,A
103254,B
103257,C
103256,C
103251,A
103250,B
103253,A
103252,B
103929,C
103928,B
103259,A
103258,C
109063,A
110248,D
110249,A
110242,C
110243,B
110240,C
110241,C
110246,A
110247,C
110244,C
110245,A
104599,C
104598,B
104593,B
104592,D
104591,B
104590,B
104597,D
104596,B
104595,D
104594,C
110342,B
105178,A
105179,A
105176,C
105177,A
105174,B
105175,C
105172,C
105173,C
105170,A
105171,A
105318,A
105319,D
105312,B
105313,B
105310,B
105311,C
105316,D
105317,A
105314,D
105315,A
106511,B
110121,D
110120,C
109746,D
110129,B
110128,B
108669,D
108668,B
108665,A
108664,D
108667,D
108666,B
108661,C
108660,A
108663,C
108662,C
105261,C
108409,B
108408,B
108401,B
108400,D
108403,C
108402,D
108405,C
108404,D
108407,B
108406,C
103008,A
106529,A
103000,B
103001,B
106522,B
103003,C
103004,C
103005,C
103006,D
103007,B
106831,B
109204,D
105262,B
109206,D
109207,C
109200,C
109201,D
109202,A
105263,D
109208,C
105260,D
109758,D
109759,C
105950,C
105951,A
105952,B
105953,A
105954,C
105955,B
105956,A
105957,C
105958,D
105959,B
105267,B
105596,C
105265,A
110175,B
109597,C
107927,B
107926,C
107925,B
107924,C
107923,D
107922,B
107921,C
107920,B
107929,B
107928,D
110523,B
110522,D
110521,A
110520,A
110527,B
110526,A
110525,A
110524,B
110529,B
110528,C
106519,A
106518,B
103743,C
110171,D
110278,C
103034,A
106517,D
103740,A
103747,C
103746,B
103033,B
103032,B
110173,D
106268,A
105785,B
105784,D
105787,D
105786,B
105781,D
105780,C
105783,C
105782,C
105789,C
105788,C
106328,B
106329,C
106326,C
106327,C
106324,A
106325,B
106322,C
106323,D
106320,D
106321,A
102528,C
102529,D
102838,D
102839,A
102524,D
102837,C
102526,C
102835,C
102520,A
102521,C
102522,C
102831,A
104788,B
104789,D
104786,B
104787,D
104784,D
104785,A
104782,A
104783,C
104780,A
104781,C
105439,B
105438,D
105437,C
105436,A
105435,C
105434,D
105433,D
105432,C
105431,A
105430,A
102788,C
102789,D
102780,D
102781,B
102782,A
102783,B
102784,C
102785,D
102786,B
102787,B
107499,A
107498,A
107497,D
107496,A
107495,C
107494,A
107493,D
107492,A
107491,C
107490,A
109439,C
109438,B
109929,C
109928,C
109433,C
109432,D
109431,D
109430,D
109437,D
109436,C
109435,B
109434,A
107149,B
107148,C
107141,C
107140,C
107143,B
107142,D
107145,C
107144,A
107147,C
107146,D
105891,C
105890,B
105893,B
105892,D
105895,B
105894,C
105897,C
105896,A
105899,B
105898,B
107008,C
107009,C
107004,D
107005,B
107006,B
107007,D
107000,A
107001,D
107002,B
107003,D
109235,D
109234,D
108348,C
108349,D
108342,D
108343,C
108340,D
108341,C
108346,B
108347,D
108344,B
108345,B
103493,B
103492,C
103491,C
103490,B
103497,B
103496,A
103495,C
103494,C
103499,B
103498,C
109699,A
109698,C
104888,D
104209,D
104208,A
104203,D
104202,A
104201,B
104200,D
104207,D
104206,B
104205,C
104204,C
103279,B
103278,D
103277,A
103276,C
103275,A
103274,C
103273,B
103272,D
103271,A
103270,B
110264,B
110265,A
110266,B
110267,D
110260,B
110261,A
110262,C
110263,D
110268,C
110269,D
104884,B
105158,A
105159,A
105150,A
105151,B
105152,D
105153,D
105154,A
105155,B
105156,D
105157,B
108282,A
105334,C
105335,C
105336,A
105337,D
105330,A
105331,B
105332,D
105333,D
105338,A
104124,D
109806,A
104657,C
109807,A
104650,A
109804,D
104651,B
109805,B
107798,C
107799,D
107794,B
107795,B
107796,A
107797,D
107790,C
107791,C
107792,D
107793,B
109800,C
109801,D
108647,B
108646,B
108645,D
108644,D
108643,C
108642,B
108641,A
108640,D
108649,B
108648,C
106155,D
103923,B
106157,A
106156,D
106151,C
106150,B
106153,C
103922,C
106159,A
103921,B
108574,D
102645,B
102644,C
102647,A
102646,A
102641,A
102640,A
102643,C
102642,C
103927,D
102649,B
102648,D
103926,C
108423,C
108422,A
108421,A
108420,A
108427,D
103925,B
108425,C
108424,D
108429,D
103924,D
102536,B
110538,B
110539,B
106766,A
106767,B
106764,A
106817,B
106762,A
106763,B
106542,C
103063,B
106540,A
103061,B
103066,C
103067,D
103064,B
103065,A
106548,A
103069,C
109598,A
109599,C
104043,D
109770,C
109771,A
109772,B
109773,D
109774,B
109775,B
109776,B
109777,D
109778,D
109779,A
105938,D
105939,B
105932,C
105933,B
105930,B
105931,C
105936,C
105937,D
105934,A
105935,A
103686,C
103687,D
103684,B
103685,A
103682,D
103683,A
103680,C
103681,A
103688,A
103689,D
107941,D
107940,D
107943,A
107942,B
107945,B
107944,A
107947,A
107946,D
107949,D
107948,C
110099,C
110098,A
110093,A
110092,D
110091,C
110090,D
110097,C
110096,B
110095,A
110094,D
107368,C
104418,D
104419,C
104416,D
104417,B
104414,B
104415,B
104412,D
104413,C
104410,B
104411,C
106308,C
106309,C
108176,B
106300,C
106301,C
106302,A
106303,D
106304,D
106305,B
106306,B
106307,C
102818,A
102819,D
102810,B
102811,D
102812,A
102813,A
102814,B
102815,B
102816,D
102817,B
105459,C
105458,D
105451,B
105450,D
105453,B
105452,D
105455,B
105454,C
105457,D
105456,D
107163,C
107162,D
107161,B
107160,B
107167,A
107166,C
107165,A
107164,D
107169,A
107168,C
103237,C
109626,D
109627,A
109624,B
109907,A
109906,D
109905,A
109625,D
109903,C
109902,D
109901,D
109900,A
109622,A
109909,C
109623,A
109620,B
109621,B
108364,A
108365,C
108366,A
108367,A
108360,C
108361,B
108362,A
108363,A
108368,C
108369,C
106959,D
106958,C
106489,B
106488,A
106487,C
106954,A
106485,B
106484,D
106483,B
106482,B
106481,B
106480,A
103219,A
103218,D
103211,B
103210,A
103213,A
103212,D
103215,A
103214,B
103217,C
103216,B
110288,A
110289,C
110286,A
110287,C
110284,A
110285,C
110282,A
110283,C
110280,B
110281,C
104081,A
104080,D
104083,D
104082,D
104085,C
104084,D
104087,B
104086,C
104089,D
104088,C
109015,C
109014,B
109017,B
109016,B
109011,A
109010,B
109013,D
109012,A
109019,A
109018,C
105132,B
105133,B
105130,B
105131,D
105136,C
105137,D
105134,C
105135,C
105138,B
105139,C
104625,D
104624,B
104627,A
104626,A
104621,A
104620,B
104623,C
104622,D
104629,D
104628,B
105688,A
105689,B
105684,C
105685,D
105686,C
105687,B
105680,C
105681,A
105682,D
105683,A
108621,B
108620,C
108623,C
108622,A
108625,C
108624,C
108627,B
108626,B
108629,B
108628,A
108999,A
108998,D
106179,B
106178,A
106177,B
106176,B
106175,A
106174,A
106173,A
106172,C
106171,A
106170,C
102669,B
102668,B
102667,C
102666,B
102665,D
102664,B
102663,A
102662,D
102661,A
102660,B
108199,D
108198,D
108193,D
108192,A
108191,B
106955,B
108197,A
108196,B
108195,D
108194,C
106957,B
105422,A
105423,A
103048,D
106569,D
109578,C
109579,C
106564,D
106565,B
106566,C
106567,D
106560,C
106561,C
106562,D
103043,A
105428,A
105429,A
106939,C
105914,C
105915,A
105916,D
106938,A
105910,D
105911,A
105912,C
105913,D
109712,C
106429,C
109710,C
109711,A
105918,D
105919,B
109714,B
106428,B
106950,B
106933,D
106424,B
106931,A
106953,A
106426,C
106937,A
106936,D
106935,B
106934,B
106952,A
107969,C
107968,C
107219,B
107218,D
107215,B
107962,C
107217,D
107960,D
107211,A
107210,D
107213,D
107212,C
104438,C
104439,B
104430,A
104431,C
104432,B
104433,D
104434,A
104435,C
104436,D
104437,C
106362,A
106363,D
106360,D
106361,B
106366,C
106367,C
106364,C
106365,A
106368,A
106369,D
102872,A
102873,B
102870,D
102871,D
102876,D
102877,B
102874,C
102875,D
102878,A
102879,D
108215,A
105473,B
105472,D
105471,B
105470,D
105477,B
105476,B
105475,B
105474,D
105479,A
105478,D
107189,B
107188,C
107185,D
107184,B
107187,C
107186,B
107181,A
107180,B
107183,B
107182,A
104980,C
104981,C
104982,B
104983,A
104984,A
104985,A
104986,B
104987,C
104988,C
104989,A
109961,A
109960,D
109963,D
109962,D
109965,B
109964,D
109967,D
109966,A
109969,A
109968,A
108388,D
108389,C
108386,B
108387,C
108384,A
108385,C
108382,B
108383,D
108380,B
108381,D
106977,B
106976,B
106975,A
106974,C
106973,C
106972,A
106971,B
106970,B
106979,A
106978,A
103189,A
103188,B
103181,D
103180,C
103183,C
103182,B
103185,B
103184,D
103187,C
103186,C
110118,C
110119,B
110116,C
110117,A
110114,B
110115,B
110112,A
105594,C
110110,D
110111,D
103981,D
103980,B
103983,D
103982,C
103985,A
103984,D
103987,A
103986,D
103989,C
103988,A
103239,D
103238,D
109389,D
109388,D
104504,B
109039,A
104505,D
109037,B
109036,A
109035,B
109034,A
109033,B
104054,C
109031,B
109030,C
109936,A
104507,D
109937,D
104052,C
109934,C
104053,B
109935,A
104502,B
109932,C
104503,B
109933,B
109930,A
109931,B
105118,A
105119,A
105114,B
105115,C
105116,A
105117,A
105110,B
105111,B
105112,B
105113,C
104609,B
104608,A
104607,B
104606,D
104605,D
104604,A
104603,B
102588,C
104601,B
104600,B
102589,B
102584,D
102585,B
108609,D
108608,A
108979,A
108978,B
108603,B
108602,D
108601,C
108600,D
108607,A
108606,C
108605,B
108604,C
106648,A
109576,B
106119,B
106118,D
106111,B
106110,D
106113,A
106112,C
106115,A
106114,D
106117,A
106116,C
102609,A
102608,C
102601,B
102600,C
102603,B
102602,C
102605,A
102604,A
102607,A
102606,C
109574,C
109575,C
109688,A
109689,C
109558,C
109559,B
109572,C
109550,A
109551,A
109552,A
109553,A
109554,D
109555,B
109556,C
109557,C
107646,B
107647,A
107644,A
107645,B
107642,D
107643,D
107640,B
107641,C
107648,D
107649,C
109573,B
109682,B
109734,B
109735,A
109736,D
109683,D
109730,A
109731,A
109732,B
109733,C
109738,C
109739,D
109570,A
109571,D
107237,B
107236,D
107235,B
107234,D
107233,B
107232,A
107231,D
107230,B
107239,B
107238,C
110581,B
110580,A
110583,C
110582,D
110585,B
110584,D
110587,B
110586,A
110589,D
110588,B
105093,A
106528,D
108695,D
103009,D
105092,C
106520,D
106521,D
103002,B
106523,B
106524,A
106525,C
110325,D
110324,D
110327,C
110326,C
110321,B
106526,A
110323,B
110322,B
106527,D
110329,D
110328,C
104452,A
104453,C
104450,C
104451,A
104456,A
104457,A
104454,D
104455,D
104458,D
104459,C
106348,B
106349,C
106344,B
106345,D
106346,C
106347,B
106340,C
106341,C
106342,C
106343,B
102858,C
102859,D
102854,A
102855,B
102856,C
102857,C
102850,D
102851,A
102852,B
102853,D
107439,B
107438,C
107435,B
107434,A
107437,C
107436,B
107431,C
107430,D
107433,D
107432,C
109756,C
109205,C
109754,A
109755,C
105499,C
105498,B
105495,C
105494,B
105497,B
105496,A
105491,B
105490,D
105493,D
105492,B
109750,B
109203,B
109209,A
108018,C
108019,B
108016,C
108017,B
108014,A
108015,D
108012,A
108013,D
108010,B
108011,D
109949,B
109948,C
109943,A
109942,C
109941,A
109940,C
109947,A
109946,B
109945,D
109944,A
108332,C
106911,D
106910,B
106913,C
106912,D
106915,C
106914,D
106917,D
106916,A
106919,A
106918,C
110138,D
110139,A
110130,C
110131,C
110132,A
110133,D
110134,C
110135,A
110136,A
110137,A
103145,B
103144,B
109059,A
109058,B
109051,D
109050,B
109053,D
109052,C
109055,B
109054,A
109057,C
109056,A
107390,D
107391,A
107392,A
107393,B
107394,C
107395,C
107396,C
107397,C
107398,C
107399,C
103141,C
104669,D
104668,D
109594,D
108817,B
104661,B
104660,D
104663,C
104662,B
104665,B
104664,D
104667,B
104666,D
105392,C
105393,C
105390,A
105391,B
105396,B
105397,A
105394,C
105395,B
108812,C
105398,C
105399,B
108813,B
104135,C
109595,B
108810,A
104642,B
103142,D
108811,B
104137,A
109815,D
104136,C
109814,D
104647,A
109817,B
104130,D
109596,D
109360,A
104133,C
109811,B
104644,C
109810,A
109813,C
109812,C
104655,B
106289,B
106288,C
106281,D
106280,C
106283,B
106282,C
106285,B
106284,A
106287,B
106286,B
109590,B
105536,A
105537,C
105534,B
105535,D
105532,D
105533,C
105530,D
105531,B
105538,A
105539,C
106133,A
106132,B
106131,D
106130,C
106137,B
106136,A
106135,A
106134,B
106139,D
106138,C
109591,B
102623,A
102622,D
102621,D
102620,B
102627,B
102626,A
102625,C
102624,A
102629,A
102628,D
109239,B
109592,C
109238,B
109593,C
108957,B
106803,D
108955,B
104652,B
108953,A
108952,D
108951,C
106802,A
106777,B
108959,B
108958,B
109532,B
109533,A
109530,D
106776,B
109536,B
109537,B
109534,B
109535,A
106771,A
109538,D
109539,A
106770,B
104653,D
106773,B
106804,B
107660,A
107661,A
107662,D
107663,D
107664,C
107665,D
107666,B
107667,D
107668,D
107669,C
108481,B
108480,B
108483,B
108482,B
108485,A
108484,D
108487,A
108486,C
108489,B
108488,B
109288,B
109289,C
109284,A
109285,D
109286,C
109287,C
109280,A
109281,B
109282,D
109283,B
107251,A
107250,C
107253,D
107252,B
107255,C
107254,A
107257,C
107256,C
107259,A
107258,C
108225,C
108224,A
108227,B
108226,A
108221,C
108220,B
108223,D
108222,A
108229,C
108228,C
103376,B
103377,C
103374,D
103375,D
103372,D
103373,D
103370,D
103371,C
103378,A
103379,D
107875,C
107874,C
107877,D
107876,D
107871,B
107870,B
107873,A
107872,B
107879,C
107878,A
103224,A
110309,B
110308,D
110307,D
110306,D
110305,A
110304,A
110303,C
110302,B
110301,B
110300,B
104478,A
104479,B
104474,B
104475,D
104476,A
104477,A
104470,D
104471,B
104472,C
104473,C
103226,C
110072,C
105709,C
105708,B
105705,D
105704,C
105707,D
105706,B
105701,C
105700,A
105703,C
105702,C
107417,D
107416,C
107415,B
107414,A
107413,A
107412,A
107411,B
107410,C
107419,C
107418,D
103223,C
110335,C
108038,A
108039,C
108030,C
108031,B
108032,C
108033,D
108034,B
108035,D
108036,C
108037,D
109635,B
109634,C
109637,C
109636,D
109631,A
109630,C
109633,A
109632,B
103419,B
103418,A
103149,D
103148,A
103413,C
103412,C
103147,B
103146,D
103417,A
103140,A
103415,D
103414,B
108156,A
109073,B
109072,A
109071,C
109070,C
109077,C
109076,A
109075,C
109074,A
109079,A
109078,C
110152,C
110153,C
110150,A
110151,B
110156,D
110157,C
110154,D
110155,B
110158,D
110159,C
104399,B
104398,C
104391,A
104390,B
104393,C
104392,C
104395,B
104394,C
104397,D
104396,C
106598,D
109391,D
109032,D
104643,C
104134,B
104641,C
104640,D
104131,C
104646,C
104645,C
104132,D
104649,D
104648,C
104139,C
104138,C
105510,B
105511,D
105512,D
105513,A
105514,B
105515,D
105516,C
105517,C
105518,A
105519,B
102833,A
102830,C
102523,D
110021,C
108931,B
108930,A
108933,A
108932,A
108935,D
108934,B
108937,C
108936,B
108939,A
108938,D
109518,B
109519,B
109514,B
109515,A
109516,C
109517,D
109510,B
109511,A
109512,C
109513,A
107608,A
107609,C
107602,C
107603,A
107600,C
107601,A
107606,B
107607,C
107604,D
107605,B
103178,B
103179,C
106410,A
110122,D
106411,A
106412,C
106413,D
106414,D
106415,C
107279,D
107278,C
106416,B
107273,C
107272,C
107271,B
103177,D
107277,A
107276,B
107275,D
107274,C
108209,C
108208,A
108207,C
108206,C
108205,D
108204,C
108203,B
108202,D
108201,C
108200,A
106894,B
106895,C
106896,A
106897,D
106890,D
106891,B
106892,B
106893,D
106898,D
106899,B
103350,B
103351,B
103352,C
103353,A
103354,C
103355,A
103608,C
103609,D
103358,D
103359,C
103604,A
103605,B
103602,A
103603,A
103600,D
103601,D
107859,C
107858,D
107857,A
107856,C
107855,C
107854,A
107853,A
107852,A
107851,A
107850,B
110369,A
110368,B
110361,A
110360,B
110363,D
110362,A
110365,C
110364,B
110367,B
110366,A
109886,C
109887,A
109884,D
109885,D
109882,A
109883,B
109880,D
109881,B
105727,A
105726,B
105725,A
105724,C
105723,D
105722,D
105721,A
105720,D
105729,C
105728,A
107471,C
107470,A
107473,D
107472,C
107475,B
107474,A
107477,B
107476,B
107479,B
107478,C
106076,B
106077,A
106074,B
106075,C
106072,A
106073,D
106070,D
106071,D
106078,B
106079,D
102986,D
102987,B
102984,B
102985,A
102982,B
102983,C
102980,D
102981,A
102988,C
102989,C
108052,B
108053,C
108050,A
108051,A
108056,C
108057,D
108054,C
108055,D
108058,C
108059,A
104928,B
104929,B
104926,C
104927,A
104924,A
104925,B
104922,D
104923,A
104920,C
104921,A
103167,A
103166,D
103165,B
106404,D
103163,A
103162,B
103161,C
103160,C
106409,D
103168,B
108170,D
103291,A
103290,B
103293,A
103292,B
103295,D
103294,B
103297,B
103296,B
103299,D
103298,C
109899,B
109898,D
109099,B
109098,B
109095,A
109094,D
109097,C
109096,B
109091,B
109090,A
109093,C
109092,D
104045,D
104044,D
104511,B
109925,B
104046,B
110178,A
110179,C
109924,A
110174,B
104041,C
110176,C
110177,D
110170,A
109927,A
110172,C
104040,D
103835,A
103834,A
103837,B
103836,C
103831,C
103830,A
103833,B
103832,C
109921,B
104042,D
103839,D
103838,D
109920,B
109923,B
109922,B
102599,B
102598,B
102593,A
102592,C
103356,B
103357,B
103606,D
106249,D
106248,D
103607,A
106245,B
106244,B
106247,D
106246,C
106241,A
106240,D
106243,C
106242,B
104119,A
104118,C
104117,D
104116,A
104115,D
104114,D
104113,B
104112,B
104111,B
104110,C
105578,A
105579,D
105572,B
105573,D
105570,B
105571,C
105576,D
105577,B
105574,C
105575,D
107598,C
107599,C
107592,A
107593,D
107590,C
107591,D
107596,C
107597,B
107594,B
107595,D
108919,A
108918,B
108913,A
108912,B
108911,A
108910,C
108917,C
108916,C
108915,C
108914,C
102910,C
107624,D
107625,D
107626,A
107627,B
107620,D
107621,B
107622,C
107623,C
107628,A
107629,D
105998,C
105999,B
105994,B
105995,C
105996,D
105997,D
105990,B
105991,D
105992,A
105993,D
103017,D
103016,A
103015,B
103014,A
103013,B
103012,B
103011,C
103010,C
108269,C
108268,C
108261,B
108260,B
108263,B
108262,C
108265,D
108264,C
108267,D
108266,A
109792,D
109793,D
109790,D
109791,D
109796,C
103019,B
106878,A
106879,C
106876,C
106877,A
106874,B
103018,C
106872,B
106873,A
106870,A
106871,A
103628,D
103629,A
103338,D
103339,B
103620,C
103621,D
103622,A
103623,B
103336,B
103337,C
103626,C
103335,C
107839,C
107838,D
110341,D
110340,C
110347,A
110346,B
110345,B
110344,A
107831,A
107830,B
107833,B
107832,A
107835,B
107834,A
107837,C
107836,D
109273,D
109136,D
109137,B
109134,B
109135,D
109132,B
109133,D
109130,B
109131,D
109138,A
109139,B
110592,C
104566,C
104567,B
104564,A
104565,C
104562,C
104563,B
104560,A
104561,C
104568,D
104569,B
103411,C
105741,B
105740,A
105743,B
105742,B
105745,B
105744,B
105747,D
105746,D
105749,C
105748,D
103410,C
107459,B
107458,A
107453,D
107452,A
107451,C
107450,A
107457,D
107456,B
107455,D
107454,D
109745,C
109744,B
103416,C
109210,C
109741,B
109740,A
109743,C
109742,A
108774,D
106050,B
106051,C
106052,D
106053,C
106054,C
106055,D
106056,A
106057,B
106058,C
106059,D
108078,A
108079,D
108074,B
108075,C
108076,D
108077,C
108070,D
108071,A
108072,B
108073,D
104908,D
104909,B
104900,C
104901,C
104902,D
104903,A
104904,A
104905,D
104906,D
104907,D
103101,B
103100,B
103103,D
103102,D
103105,A
103104,D
103107,C
103106,B
103109,D
103108,C
109697,A
109696,C
109695,A
109694,D
109693,C
109692,B
109691,B
109690,D
109309,C
109308,B
109305,B
109304,A
109307,D
109306,D
109301,B
109300,A
109303,B
109302,C
107270,C
103757,C
107338,A
107339,B
107336,B
107337,B
107334,B
107335,D
107332,D
107333,A
107330,C
107331,B
103652,A
103819,C
103818,D
103817,B
103816,B
103815,C
103814,C
103813,D
103812,D
103811,C
103810,D
108805,C
108804,C
108807,B
108806,A
108801,A
108800,D
108803,A
108802,D
104359,B
104358,D
109821,A
104355,B
104354,A
104357,D
104356,D
104351,A
104350,D
104353,A
104352,B
106267,A
106266,C
106265,D
106264,B
106263,C
106262,D
106261,A
106260,A
105082,B
105083,C
105080,A
105081,B
105086,B
105087,D
105084,C
105085,B
109827,C
104687,B
104686,C
104685,D
104684,D
104683,B
104682,A
104681,B
104680,C
104689,D
104688,D
104179,A
104178,D
104171,A
104170,D
104173,A
104172,A
104175,A
104174,A
104177,C
104176,C
106191,C
106190,C
106193,C
106192,B
106195,D
106194,A
106197,C
106196,A
106199,B
106198,B
109396,A
102681,B
102680,B
102683,A
102682,B
102685,A
102684,B
102687,A
102686,B
102689,A
102688,C
109397,C
109394,C
109395,C
105554,B
105555,C
105556,B
105225,D
105550,D
105551,B
105552,B
105221,A
105558,A
105559,A
105228,D
105229,D
109392,C
109393,A
109390,B
108799,B
108798,D
108791,B
108790,A
108793,A
108792,A
108795,B
108794,A
108797,A
108796,A
108243,B
108242,A
108241,D
108240,D
108247,B
108246,C
108245,B
108244,B
108249,B
108248,A
108539,D
108538,D
106858,A
106859,A
106850,D
106851,D
106852,A
106853,B
106854,A
106855,C
106856,C
106857,B
103642,D
103315,C
103640,A
103641,D
103646,A
103647,C
103644,D
103645,A
103648,A
103649,C
103318,B
103319,B
110419,C
110418,C
110417,A
110416,B
110415,D
110414,D
110413,D
110412,B
110411,C
110410,C
109110,C
109111,A
109112,A
109113,B
109114,A
109115,A
109116,C
109117,D
109118,A
109119,A
107813,C
107812,B
107811,A
107810,B
107817,A
107816,B
107815,B
107814,B
107819,A
107818,A
104540,D
104541,A
104542,B
104543,C
104544,B
104545,D
104546,A
104547,B
104548,A
104549,A
105769,A
105768,C
105763,C
105762,B
105761,A
105760,A
105767,B
105766,C
105765,A
105764,B
103439,B
106038,C
106039,C
106032,C
106033,A
106030,D
106031,C
106036,D
106037,D
106034,A
106035,C
104962,D
104963,B
104960,D
104961,C
104966,B
104967,C
104964,C
104965,A
104968,B
104969,C
103087,D
106449,C
106448,A
106443,C
106442,D
106441,D
106440,A
106447,B
106446,D
106445,B
106444,B
109327,C
109326,D
109325,B
109324,D
109323,B
109322,C
109321,A
109320,A
109329,D
109328,D
109504,B
103789,D
103788,D
103787,B
103786,D
103785,B
103784,B
103783,C
103782,C
103781,C
103780,C
107318,C
107319,D
107310,D
107311,B
107312,C
107313,C
107314,B
107315,C
107316,C
107317,A
103879,D
103878,B
103738,B
103871,B
103870,D
103873,B
103872,B
103875,B
103874,D
103877,A
103876,C
103088,C
103089,B
103731,D
110066,B
110067,B
110064,C
110065,A
110062,A
110063,A
110060,A
110061,B
110068,A
110069,B
104377,C
104376,C
104375,B
104374,D
104373,B
104372,C
104371,C
104370,B
104379,C
104378,D
110461,B
106201,C
106200,A
106203,D
106202,A
106205,B
106204,B
106207,D
106206,D
106209,C
106208,D
104153,D
104152,D
104151,C
104150,C
104157,A
104156,A
104155,A
104154,A
104159,B
104158,D
102825,D
102824,D
102827,C
102826,B
102821,C
105339,A
102823,B
110030,B
102534,A
110036,B
110466,C
107558,B
107559,D
107556,C
107557,D
107554,A
107555,B
107552,C
107553,C
107550,D
107551,A
106407,A
106406,A
106405,B
105200,D
105201,C
105202,B
103164,A
105204,D
105205,B
105206,C
105207,D
105208,C
106403,D
106402,A
106401,B
106400,D
103169,A
106408,D
103552,A
103553,A
103550,D
103551,D
103556,A
103557,B
103554,B
103555,D
108519,B
108518,B
108517,A
108516,D
108515,D
108514,A
108513,B
108512,C
108511,A
108510,D
106832,A
106785,B
106786,B
106787,D
106836,D
106781,C
106782,C
106783,A
106838,C
106839,C
106788,A
106789,A
102880,A
103668,A
103669,D
103664,C
103665,D
103666,D
103667,D
103660,C
103661,D
103662,A
103663,C
110479,D
110478,C
110471,A
110470,C
110473,C
110472,B
110475,D
110474,A
110477,A
110476,C
105846,B
105847,D
105844,A
105845,C
105842,D
105843,D
105840,A
105841,C
109172,C
109173,A
109170,C
109171,D
109176,B
109177,C
105848,C
105849,D
109895,B
109894,D
109897,C
110387,D
110386,C
110385,A
109896,C
110383,D
110382,A
110381,B
110380,D
103454,B
110389,A
109890,D
104528,D
104529,A
109893,B
104522,C
104523,D
104520,B
104521,D
104526,A
104527,B
104524,D
104525,C
103453,D
104093,B
106014,D
106015,C
106016,C
106017,B
106010,D
106011,D
106012,D
106013,B
106018,C
106019,D
104948,B
104949,B
106154,D
104944,A
104945,C
104946,A
104947,B
104940,D
104941,C
104942,B
104943,C
106152,A
106158,B
107765,C
107764,C
107767,D
107766,A
107761,A
107760,D
107763,D
107762,B
107769,A
107768,C
110593,D
109341,A
109340,C
109343,B
109342,A
109345,B
109344,B
109347,B
109346,B
109349,D
109348,B
107372,C
107373,D
107370,B
107371,D
107376,A
107377,C
107374,C
107375,C
110596,A
107378,C
107379,B
108426,A
108166,A
108167,A
108164,D
108165,B
108162,A
108163,D
108160,C
108161,D
108168,B
108169,C
108428,A
110388,B
107996,D
104706,D
107994,A
107995,B
107992,B
107993,A
107990,A
104707,A
104704,A
107998,B
107999,C
110040,B
110041,D
110042,D
104705,C
110044,C
110045,A
110046,D
110047,A
110048,A
104702,C
104703,B
104311,B
104310,D
104313,B
104312,D
104315,C
104314,C
104317,A
104316,C
104319,A
104318,A
104701,D
103505,B
103504,B
103507,D
103506,D
103501,D
103500,A
103503,A
103502,B
103859,D
103858,B
103509,A
103508,C
106229,B
106228,D
106223,C
106222,A
106221,B
106220,D
106227,C
106226,A
106225,C
106224,D
103615,D
103346,B
103617,B
103616,C
103611,C
103342,B
103613,C
103340,C
110426,C
110427,A
110356,D
110357,C
110495,D
110422,B
110423,A
110420,D
110421,C
110494,C
105048,D
105049,D
105046,C
105047,A
105044,B
105045,A
105042,A
105043,A
105040,A
105041,C
110358,C
110359,D
107578,B
107579,D
110428,D
107570,D
107571,B
107572,B
107573,D
107574,C
107575,A
107576,B
107577,B
105598,A
105599,C
105268,D
105269,A
105590,A
105591,B
105592,A
105593,B
105266,C
105595,C
105264,A
105597,D
107682,A
107683,C
107680,A
107681,A
107686,C
107687,B
107684,C
107685,C
107688,B
107689,D
109999,B
108759,D
108758,D
108755,A
108754,D
108757,B
108756,D
108751,D
108750,C
108753,B
108752,A
104889,A
103062,D
106543,B
104881,A
104880,D
104883,B
104882,D
104885,B
103060,D
104887,B
104886,C
106541,D
106546,A
106547,D
108287,B
108286,C
108285,D
108284,A
108283,C
106544,C
108281,C
108280,A
106545,A
108289,A
108288,D
108579,D
108578,D
108571,D
108570,C
108573,B
108572,A
108575,C
103068,A
108577,A
108576,B
106549,D
106818,B
106819,A
106768,C
106769,D
106814,A
106815,D
106816,B
106765,D
106810,A
106811,D
106760,C
106813,B
109488,C
109489,D
109482,B
109483,D
109480,C
109481,B
109486,D
109487,C
109484,B
109485,C
109154,B
109155,C
109156,C
109157,A
109150,A
109151,D
109152,D
109153,A
110498,C
109158,A
109159,A
109628,B
109629,D
105860,B
105861,B
105862,C
105863,A
105864,D
105865,B
105866,C
105867,C
105868,C
105869,A
110453,B
110452,C
110451,B
110450,B
110457,B
110456,B
110455,A
110454,A
110459,A
110458,A
108525,D
104056,D
104057,D
104506,D
104055,D
104500,B
104501,D
104050,D
104051,A
104508,D
104509,D
104058,C
104059,A
105675,D
105674,C
105677,B
105676,C
105671,A
105670,A
105673,D
105672,C
105679,C
105678,A
102908,B
102909,A
102906,A
102907,C
102904,D
102905,A
102902,A
102903,C
102900,D
102901,C
106515,B
107749,A
107748,B
107747,A
107746,A
107745,B
107744,D
107743,B
107742,D
107741,A
107740,D
109369,D
109368,C
109819,C
103468,C
109363,D
109362,C
109361,B
103469,B
109367,C
109366,A
109365,B
109364,A
106946,B
103467,A
106944,D
103465,A
106942,A
106943,B
109818,A
106940,D
106516,A
107358,B
107359,C
107354,C
107355,C
107356,B
107357,A
107350,A
107351,B
107352,A
107353,C
108140,C
108141,C
108142,B
108143,C
108144,C
108145,C
108146,B
108147,C
108148,B
108149,A
106510,D
108558,C
106513,D
109577,A
106595,D
106594,D
106597,A
106596,D
106591,C
106590,B
106593,B
106592,C
106599,D
103852,D
110028,C
110029,C
110022,D
110023,B
110020,D
103851,A
110026,C
110027,C
110024,B
110025,B
104339,D
104338,A
109816,D
104333,A
104332,A
104331,B
104330,D
104337,C
104336,A
104335,D
104334,C
103529,D
103528,A
103527,C
103526,D
103525,D
103524,A
103523,C
103522,B
103521,D
103520,D
104197,D
104196,A
104195,A
104194,B
104193,D
104192,A
104191,D
104190,D
104199,D
104198,D
105068,B
105069,C
105060,B
105061,C
105062,D
105063,D
105064,A
105065,A
105066,D
105067,B
107512,D
107513,B
107510,B
107511,B
107516,A
107517,B
107514,D
107515,A
102591,A
102590,B
107518,D
107519,D
102595,B
102594,C
102597,A
102596,B
105244,C
105245,A
105246,B
105247,D
105240,A
105241,A
105242,D
105243,A
103474,A
105248,C
105249,B
110276,C
103476,D
108777,B
108776,C
108775,D
103471,A
108773,D
108772,D
108771,C
108770,C
108779,A
108778,B
106605,C
106604,D
106607,A
106606,A
106601,A
106600,C
106603,D
106602,C
106609,D
106608,C
102735,B
102734,B
102737,C
102736,A
102731,A
102730,D
102733,D
102732,A
102739,D
102738,C
108553,C
108552,C
108551,D
108550,D
108557,C
108556,A
108555,A
108554,A
108559,D
104095,A
108809,A
108808,C
106748,C
106749,C
102836,C
106740,A
106741,C
106742,D
106743,B
106744,B
106745,D
106746,B
106747,A
109600,B
109601,B
109602,A
109603,B
109604,C
109605,C
109606,C
109607,B
109608,C
109609,B
105808,D
105809,B
105802,D
105803,C
105800,B
105801,A
105806,D
105807,D
105804,C
105805,C
110611,C
110610,D
110613,A
110612,A
110615,B
110614,C
110617,C
110616,B
110619,B
110618,A
103956,C
103957,B
103954,C
103955,C
103952,C
103953,B
103950,B
103951,D
103958,C
103959,D
106438,B
104294,C
104295,A
104296,A
104297,A
104290,B
104291,C
104292,A
104293,D
104298,B
104299,B
106437,B
104070,A
104071,D
104072,A
104073,A
104074,C
104075,A
104076,D
104077,B
104078,C
104079,D
105659,A
105658,B
105657,B
105656,A
105655,D
105654,A
105653,C
105652,B
105651,C
105650,B
106435,D
102928,C
102929,D
102920,C
102921,B
102922,D
102923,C
102924,A
102925,C
102926,B
102927,C
106432,C
106433,A
106430,D
106431,B
107729,D
107728,B
107721,B
107720,B
107723,B
107722,D
107725,A
107724,A
107727,A
107726,C
105819,D
105818,A
108995,C
105815,D
105814,D
108994,D
108128,C
108129,D
108122,D
108123,B
108120,C
108121,B
108126,C
108127,B
108124,D
108125,D
109837,B
109836,B
109835,A
109834,D
109833,B
109832,C
109831,D
109830,D
109839,B
109838,A
103725,D
103724,D
103727,D
103726,A
103721,A
103720,A
103729,A
103728,C
103099,D
103098,D
103097,D
103096,A
103095,D
103094,D
103093,C
103092,D
103091,D
103090,B
